{
    "MlibObjs": {},
    "stat": {
        "peak_mem_kb": 216736,
        "ru_self_cgstart": {
            "ru_utime_sec": 0.61088799999999999,
            "ru_majflt": 0,
            "ru_minflt": 7926,
            "ru_stime_sec": 0.082999000000000003,
            "ru_nivcsw": 20,
            "ru_maxrss_kb": 94296,
            "ru_nvcsw": 479
        },
        "ru_childs_end": {
            "ru_utime_sec": 0.017087999999999999,
            "ru_majflt": 0,
            "ru_minflt": 1883,
            "ru_stime_sec": 0.048495000000000003,
            "ru_nivcsw": 1,
            "ru_maxrss_kb": 91188,
            "ru_nvcsw": 35
        },
        "ru_childs_cgstart": {
            "ru_utime_sec": 0.017087999999999999,
            "ru_majflt": 0,
            "ru_minflt": 1883,
            "ru_stime_sec": 0.048495000000000003,
            "ru_nivcsw": 1,
            "ru_maxrss_kb": 91188,
            "ru_nvcsw": 35
        },
        "outputSizePerQuad": 61.906707719375412,
        "nMops": 55051,
        "nQuads": 22735,
        "totalObjSize": 1407449,
        "ru_self_end": {
            "ru_utime_sec": 1.3240970000000001,
            "ru_majflt": 0,
            "ru_minflt": 9384,
            "ru_stime_sec": 0.146562,
            "ru_nivcsw": 39,
            "ru_maxrss_kb": 102560,
            "ru_nvcsw": 681
        },
        "mopSpeed": 77187.752818598747,
        "quadSpeed": 31877.051467381927,
        "mop/quad": 2.4214207169562347,
        "Frontend(%)": 46.136196970463644,
        "CodeGen(%)": 53.863803029536356
    },
    "CurCompileModules": [
        "...MASTER...",
        "...MASTER...",
        "_vcs_unit__4140305405",
        "_vcs_unit__4140305405",
        "std",
        "std",
        "rast_params",
        "rast_params",
        "bbox_0000",
        "bbox_0000",
        "dff2_0000",
        "dff2_0000",
        "dff2_0001",
        "dff2_0001",
        "dff2_0002",
        "dff2_0002",
        "dff2_0003",
        "dff2_0003",
        "dff2_0000_0000",
        "dff2_0000_0000",
        "dff2_0001_0000",
        "dff2_0001_0000",
        "dff2_0001_0001",
        "dff2_0001_0001",
        "dff2_0002_0000",
        "dff2_0002_0000",
        "dff2_0002_0001",
        "dff2_0002_0001",
        "dff2_0003_0000",
        "dff2_0003_0000",
        "dff3_0000",
        "dff3_0000",
        "dff3_0001",
        "dff3_0001",
        "dff3_0000_0000",
        "dff3_0000_0000",
        "dff3_0000_0001",
        "dff3_0000_0001",
        "dff3_0000_0002",
        "dff3_0000_0002",
        "dff3_0000_0003",
        "dff3_0000_0003",
        "dff3_0001_0000",
        "dff3_0001_0000",
        "dff_0000_0002",
        "dff_0000_0002",
        "dff_0000_0003",
        "dff_0000_0003",
        "dff_0000_0005",
        "dff_0000_0005",
        "dff_0000_0006",
        "dff_0000_0006",
        "dff_retime_0000",
        "dff_retime_0000",
        "hash_jtree",
        "hash_jtree",
        "rast",
        "rast",
        "sampletest_0000",
        "sampletest_0000",
        "test_iterator_0000",
        "test_iterator_0000",
        "bbx_sb",
        "bbx_sb",
        "perf_monitor",
        "perf_monitor",
        "rast_driver",
        "rast_driver",
        "smpl_cnt_sb",
        "smpl_cnt_sb",
        "smpl_sb",
        "smpl_sb",
        "testbench",
        "testbench",
        "top_rast",
        "top_rast",
        "zbuff",
        "zbuff"
    ],
    "SIMBData": {
        "out": "amcQwB.o",
        "bytes": 145333,
        "archive": "archive.0/_408111_archive_1.a"
    },
    "CurCompileUdps": {},
    "PrevCompiledModules": {},
    "NameTable": {
        "_vcs_unit__4140305405": [
            "_vcs_unit__4140305405",
            "INiNY",
            "module",
            1
        ],
        "dff3_0000": [
            "dff3_0000",
            "Fgck4",
            "module",
            15
        ],
        "dff3_0000_0002": [
            "dff3_0000_0002",
            "gG0sx",
            "module",
            19
        ],
        "zbuff": [
            "zbuff",
            "K6ha2",
            "module",
            38
        ],
        "rast_driver": [
            "rast_driver",
            "ZD3VR",
            "module",
            33
        ],
        "std": [
            "std",
            "reYIK",
            "module",
            2
        ],
        "hash_jtree": [
            "hash_jtree",
            "sE4tC",
            "module",
            27
        ],
        "rast": [
            "rast",
            "NNwFS",
            "module",
            28
        ],
        "dff2_0000_0000": [
            "dff2_0000_0000",
            "m1pCR",
            "module",
            9
        ],
        "perf_monitor": [
            "perf_monitor",
            "wiPAj",
            "module",
            32
        ],
        "rast_params": [
            "rast_params",
            "mT84W",
            "module",
            3
        ],
        "test_iterator_0000": [
            "test_iterator_0000",
            "adgUT",
            "module",
            30
        ],
        "bbox_0000": [
            "bbox_0000",
            "d5BPu",
            "module",
            4
        ],
        "dff3_0001": [
            "dff3_0001",
            "wrGcc",
            "module",
            16
        ],
        "dff_retime_0000": [
            "dff_retime_0000",
            "Qaq0g",
            "module",
            26
        ],
        "dff2_0001_0001": [
            "dff2_0001_0001",
            "UfTMx",
            "module",
            11
        ],
        "dff2_0002": [
            "dff2_0002",
            "yW5CM",
            "module",
            7
        ],
        "dff2_0000": [
            "dff2_0000",
            "HpNpL",
            "module",
            5
        ],
        "dff2_0001": [
            "dff2_0001",
            "YYTYE",
            "module",
            6
        ],
        "dff2_0003": [
            "dff2_0003",
            "FMRfU",
            "module",
            8
        ],
        "dff2_0001_0000": [
            "dff2_0001_0000",
            "tpBAT",
            "module",
            10
        ],
        "dff2_0002_0000": [
            "dff2_0002_0000",
            "KUIDG",
            "module",
            12
        ],
        "dff2_0002_0001": [
            "dff2_0002_0001",
            "mv96h",
            "module",
            13
        ],
        "dff2_0003_0000": [
            "dff2_0003_0000",
            "zxvEq",
            "module",
            14
        ],
        "dff_0000_0003": [
            "dff_0000_0003",
            "ACtd6",
            "module",
            23
        ],
        "dff3_0000_0000": [
            "dff3_0000_0000",
            "EJn6A",
            "module",
            17
        ],
        "dff3_0000_0001": [
            "dff3_0000_0001",
            "RmIf7",
            "module",
            18
        ],
        "dff3_0000_0003": [
            "dff3_0000_0003",
            "fjDt2",
            "module",
            20
        ],
        "dff3_0001_0000": [
            "dff3_0001_0000",
            "aWGfp",
            "module",
            21
        ],
        "dff_0000_0002": [
            "dff_0000_0002",
            "xKfGv",
            "module",
            22
        ],
        "dff_0000_0005": [
            "dff_0000_0005",
            "qncW9",
            "module",
            24
        ],
        "dff_0000_0006": [
            "dff_0000_0006",
            "KE3qb",
            "module",
            25
        ],
        "sampletest_0000": [
            "sampletest_0000",
            "fRYw9",
            "module",
            29
        ],
        "bbx_sb": [
            "bbx_sb",
            "a8g0Z",
            "module",
            31
        ],
        "smpl_cnt_sb": [
            "smpl_cnt_sb",
            "hVvAG",
            "module",
            34
        ],